chromosome	bucket_number	min	max	sum	freq
0	0	820000	1040000	1	0.0016366612111292963
0	1	2740000	3200000	1	0.0016366612111292963
0	2	14540000	14760000	1	0.0016366612111292963
0	3	29560000	30180000	1	0.0016366612111292963
0	4	39460000	39800000	1	0.0016366612111292963
0	5	45180000	45760000	1	0.0016366612111292963
0	6	46260000	46600000	1	0.0016366612111292963
0	7	64080000	69300000	1	0.0016366612111292963
0	8	74040000	74500000	1	0.0016366612111292963
0	9	74220000	75260000	1	0.0016366612111292963
0	10	74520000	75340000	1	0.0016366612111292963
0	11	108300000	108680000	1	0.0016366612111292963
0	12	109480000	109680000	1	0.0016366612111292963
0	13	113600000	113880000	1	0.0016366612111292963
0	14	114120000	114440000	1	0.0016366612111292963
0	15	117580000	117980000	1	0.0016366612111292963
0	16	120260000	120500000	1	0.0016366612111292963
0	17	144860000	145740000	1	0.0016366612111292963
0	18	145400000	145740000	1	0.0016366612111292963
0	19	147180000	147380000	2	0.0032733224222585926
0	20	154900000	155280000	1	0.0016366612111292963
0	21	159240000	159780000	1	0.0016366612111292963
0	22	169080000	169540000	1	0.0016366612111292963
0	23	175420000	175760000	10	0.016366612111292964
0	24	188260000	188460000	1	0.0016366612111292963
0	25	188760000	189180000	1	0.0016366612111292963
0	26	198880000	200040000	1	0.0016366612111292963
0	27	222040000	222700000	1	0.0016366612111292963
0	28	237640000	239460000	1	0.0016366612111292963
0	29	246160000	246640000	1	0.0016366612111292963
0	30	246240000	246720000	1	0.0016366612111292963
0	31	247120000	247400000	1	0.0016366612111292963
1	32	1460000	1900000	1	0.0016366612111292963
1	33	2520000	3200000	1	0.0016366612111292963
1	34	27940000	29280000	1	0.0016366612111292963
1	35	31580000	31840000	1	0.0016366612111292963
1	36	32600000	33320000	4	0.006546644844517185
1	37	34580000	36180000	1	0.0016366612111292963
1	38	39440000	39660000	1	0.0016366612111292963
1	39	52540000	53560000	1	0.0016366612111292963
1	40	61220000	61420000	1	0.0016366612111292963
1	41	64340000	64800000	1	0.0016366612111292963
1	42	67840000	68040000	1	0.0016366612111292963
1	43	78520000	78740000	1	0.0016366612111292963
1	44	82060000	82380000	1	0.0016366612111292963
1	45	120900000	121120000	1	0.0016366612111292963
1	46	123160000	123360000	1	0.0016366612111292963
1	47	125000000	126080000	4	0.006546644844517185
1	48	127600000	128040000	1	0.0016366612111292963
1	49	131100000	131760000	1	0.0016366612111292963
1	50	136900000	137500000	1	0.0016366612111292963
1	51	203360000	203720000	1	0.0016366612111292963
1	52	216840000	217160000	1	0.0016366612111292963
1	53	231980000	232280000	1	0.0016366612111292963
2	54	660000	980000	1	0.0016366612111292963
2	55	2300000	2800000	1	0.0016366612111292963
2	56	4220000	4560000	1	0.0016366612111292963
2	57	6120000	6400000	1	0.0016366612111292963
2	58	15320000	15560000	1	0.0016366612111292963
2	59	44980000	45320000	2	0.0032733224222585926
2	60	47880000	48440000	1	0.0016366612111292963
2	61	48420000	48640000	1	0.0016366612111292963
2	62	49280000	49660000	1	0.0016366612111292963
2	63	62800000	63720000	1	0.0016366612111292963
2	64	65860000	66080000	1	0.0016366612111292963
2	65	70340000	70680000	1	0.0016366612111292963
2	66	81360000	81920000	1	0.0016366612111292963
2	67	108580000	109000000	2	0.0032733224222585926
2	68	110240000	110960000	1	0.0016366612111292963
2	69	139420000	139900000	1	0.0016366612111292963
2	70	141800000	142080000	3	0.004909983633387889
2	71	163580000	165280000	1	0.0016366612111292963
2	72	190040000	190240000	1	0.0016366612111292963
2	73	191600000	191940000	1	0.0016366612111292963
2	74	197080000	197320000	1	0.0016366612111292963
2	75	197560000	197820000	1	0.0016366612111292963
3	76	8380000	8920000	1	0.0016366612111292963
3	77	55060000	55360000	1	0.0016366612111292963
3	78	73740000	74060000	1	0.0016366612111292963
3	79	73800000	74020000	1	0.0016366612111292963
3	80	85660000	86880000	1	0.0016366612111292963
3	81	92460000	92740000	1	0.0016366612111292963
3	82	102220000	103080000	1	0.0016366612111292963
3	83	125540000	125760000	1	0.0016366612111292963
3	84	131940000	132340000	2	0.0032733224222585926
3	85	137360000	137700000	1	0.0016366612111292963
3	86	151660000	152060000	1	0.0016366612111292963
3	87	157040000	157560000	1	0.0016366612111292963
3	88	160380000	162520000	1	0.0016366612111292963
3	89	166240000	166460000	1	0.0016366612111292963
3	90	181100000	181520000	1	0.0016366612111292963
3	91	184380000	184660000	1	0.0016366612111292963
3	92	187960000	188420000	1	0.0016366612111292963
3	93	188120000	189080000	1	0.0016366612111292963
3	94	188880000	189120000	1	0.0016366612111292963
3	95	189320000	189740000	1	0.0016366612111292963
3	96	190140000	190440000	2	0.0032733224222585926
4	97	40000	640000	1	0.0016366612111292963
4	98	180000	580000	1	0.0016366612111292963
4	99	380000	600000	1	0.0016366612111292963
4	100	400000	660000	2	0.0032733224222585926
4	101	840000	1380000	1	0.0016366612111292963
4	102	22020000	22500000	2	0.0032733224222585926
4	103	27740000	28020000	1	0.0016366612111292963
4	104	32000000	32300000	1	0.0016366612111292963
4	105	37480000	37740000	1	0.0016366612111292963
4	106	45340000	46300000	1	0.0016366612111292963
4	107	45620000	46300000	1	0.0016366612111292963
4	108	45860000	49480000	1	0.0016366612111292963
4	109	45920000	46300000	2	0.0032733224222585926
4	110	45940000	49480000	1	0.0016366612111292963
4	111	58960000	59880000	1	0.0016366612111292963
4	112	63840000	64180000	1	0.0016366612111292963
4	113	64320000	64660000	1	0.0016366612111292963
4	114	67780000	68300000	1	0.0016366612111292963
4	115	68200000	68580000	1	0.0016366612111292963
4	116	103480000	104460000	1	0.0016366612111292963
4	117	126340000	127680000	1	0.0016366612111292963
4	118	130300000	130640000	1	0.0016366612111292963
4	119	161820000	162460000	1	0.0016366612111292963
4	120	178720000	178920000	2	0.0032733224222585926
5	121	5080000	5800000	1	0.0016366612111292963
5	122	5360000	5920000	1	0.0016366612111292963
5	123	6820000	7160000	1	0.0016366612111292963
5	124	6840000	7100000	1	0.0016366612111292963
5	125	25960000	26280000	1	0.0016366612111292963
5	126	26020000	26260000	2	0.0032733224222585926
5	127	33160000	33400000	2	0.0032733224222585926
5	128	33160000	33600000	1	0.0016366612111292963
5	129	48820000	49020000	1	0.0016366612111292963
5	130	57200000	57540000	1	0.0016366612111292963
5	131	57520000	62900000	1	0.0016366612111292963
5	132	57660000	62200000	1	0.0016366612111292963
5	133	66640000	68160000	1	0.0016366612111292963
5	134	75060000	75480000	1	0.0016366612111292963
5	135	79940000	80320000	1	0.0016366612111292963
5	136	88920000	89340000	1	0.0016366612111292963
5	137	106380000	106920000	1	0.0016366612111292963
5	138	106540000	106800000	1	0.0016366612111292963
5	139	106680000	106980000	1	0.0016366612111292963
5	140	108220000	108480000	1	0.0016366612111292963
5	141	111280000	111640000	1	0.0016366612111292963
5	142	120600000	121400000	1	0.0016366612111292963
5	143	123500000	124320000	2	0.0032733224222585926
5	144	157440000	157800000	1	0.0016366612111292963
5	145	157520000	157940000	1	0.0016366612111292963
5	146	157620000	157960000	2	0.0032733224222585926
5	147	162620000	163080000	1	0.0016366612111292963
5	148	162700000	162920000	2	0.0032733224222585926
5	149	167800000	168200000	3	0.004909983633387889
5	150	168300000	168600000	29	0.04746317512274959
5	151	169700000	170240000	1	0.0016366612111292963
6	152	1220000	1460000	1	0.0016366612111292963
6	153	4160000	4700000	1	0.0016366612111292963
6	154	4300000	4780000	1	0.0016366612111292963
6	155	7060000	7360000	1	0.0016366612111292963
6	156	10660000	11300000	1	0.0016366612111292963
6	157	27120000	27320000	1	0.0016366612111292963
6	158	29220000	29520000	2	0.0032733224222585926
6	159	61520000	62460000	5	0.008183306055646482
6	160	62040000	62640000	5	0.008183306055646482
6	161	62180000	62520000	1	0.0016366612111292963
6	162	64720000	65200000	1	0.0016366612111292963
6	163	71280000	71880000	1	0.0016366612111292963
6	164	75260000	75600000	1	0.0016366612111292963
6	165	78700000	79060000	1	0.0016366612111292963
6	166	85000000	85380000	2	0.0032733224222585926
6	167	85020000	85300000	1	0.0016366612111292963
6	168	88140000	88620000	1	0.0016366612111292963
6	169	99680000	100260000	2	0.0032733224222585926
6	170	130820000	131060000	1	0.0016366612111292963
6	171	137520000	138060000	1	0.0016366612111292963
6	172	143420000	143860000	1	0.0016366612111292963
6	173	143560000	143860000	2	0.0032733224222585926
6	174	143780000	144200000	1	0.0016366612111292963
7	175	660000	1100000	1	0.0016366612111292963
7	176	2120000	2380000	1	0.0016366612111292963
7	177	2200000	2480000	1	0.0016366612111292963
7	178	2340000	2580000	14	0.022913256955810146
7	179	3360000	4200000	1	0.0016366612111292963
7	180	3680000	3880000	1	0.0016366612111292963
7	181	13580000	14120000	1	0.0016366612111292963
7	182	28840000	29100000	1	0.0016366612111292963
7	183	29200000	29840000	1	0.0016366612111292963
7	184	42920000	43720000	1	0.0016366612111292963
7	185	43040000	43720000	1	0.0016366612111292963
7	186	43400000	43720000	1	0.0016366612111292963
7	187	43400000	47060000	7	0.011456628477905073
7	188	43440000	46900000	1	0.0016366612111292963
7	189	46940000	47340000	1	0.0016366612111292963
7	190	47000000	47440000	1	0.0016366612111292963
7	191	47140000	47580000	1	0.0016366612111292963
7	192	47200000	47440000	2	0.0032733224222585926
7	193	53480000	53800000	1	0.0016366612111292963
7	194	55820000	56480000	1	0.0016366612111292963
7	195	57740000	58040000	1	0.0016366612111292963
7	196	62480000	62820000	1	0.0016366612111292963
7	197	83680000	84000000	1	0.0016366612111292963
7	198	84740000	85220000	1	0.0016366612111292963
7	199	87180000	87380000	1	0.0016366612111292963
7	200	110960000	111580000	1	0.0016366612111292963
7	201	115480000	115760000	1	0.0016366612111292963
7	202	115880000	116380000	1	0.0016366612111292963
7	203	130800000	131220000	1	0.0016366612111292963
7	204	130860000	131100000	2	0.0032733224222585926
8	205	200000	500000	1	0.0016366612111292963
8	206	320000	540000	1	0.0016366612111292963
8	207	780000	1140000	1	0.0016366612111292963
8	208	1040000	1300000	1	0.0016366612111292963
8	209	11880000	12280000	1	0.0016366612111292963
8	210	12240000	12560000	1	0.0016366612111292963
8	211	13240000	13440000	1	0.0016366612111292963
8	212	17440000	18900000	1	0.0016366612111292963
8	213	30320000	31240000	1	0.0016366612111292963
8	214	30920000	31200000	1	0.0016366612111292963
8	215	97200000	97560000	1	0.0016366612111292963
8	216	111020000	111320000	1	0.0016366612111292963
9	217	3540000	3800000	1	0.0016366612111292963
9	218	14000000	14280000	1	0.0016366612111292963
9	219	35000000	35240000	1	0.0016366612111292963
9	220	38780000	42800000	2	0.0032733224222585926
9	221	47640000	51580000	1	0.0016366612111292963
9	222	49380000	51040000	1	0.0016366612111292963
9	223	52000000	52400000	1	0.0016366612111292963
9	224	56420000	57420000	1	0.0016366612111292963
9	225	59500000	59720000	1	0.0016366612111292963
9	226	62080000	62280000	1	0.0016366612111292963
9	227	92080000	92640000	1	0.0016366612111292963
9	228	99900000	100280000	1	0.0016366612111292963
9	229	107100000	107300000	1	0.0016366612111292963
9	230	133100000	133860000	1	0.0016366612111292963
9	231	134360000	134960000	1	0.0016366612111292963
10	232	7600000	8000000	1	0.0016366612111292963
10	233	14360000	14960000	1	0.0016366612111292963
10	234	27000000	27200000	1	0.0016366612111292963
10	235	50060000	50620000	1	0.0016366612111292963
10	236	50160000	50560000	1	0.0016366612111292963
10	237	50160000	50620000	2	0.0032733224222585926
10	238	50160000	51320000	1	0.0016366612111292963
10	239	50180000	51200000	1	0.0016366612111292963
10	240	50220000	50620000	1	0.0016366612111292963
10	241	50320000	50560000	1	0.0016366612111292963
10	242	50320000	50620000	1	0.0016366612111292963
10	243	50320000	54860000	1	0.0016366612111292963
10	244	50320000	54940000	2	0.0032733224222585926
10	245	50320000	55080000	1	0.0016366612111292963
10	246	55880000	56180000	1	0.0016366612111292963
10	247	62280000	62640000	1	0.0016366612111292963
10	248	79000000	79720000	1	0.0016366612111292963
10	249	104020000	105260000	1	0.0016366612111292963
10	250	108480000	108740000	1	0.0016366612111292963
10	251	118660000	118980000	1	0.0016366612111292963
10	252	118800000	119040000	1	0.0016366612111292963
10	253	119020000	119280000	1	0.0016366612111292963
10	254	134260000	134920000	1	0.0016366612111292963
10	255	134320000	134700000	19	0.031096563011456628
10	256	134360000	134760000	1	0.0016366612111292963
11	257	6540000	7060000	1	0.0016366612111292963
11	258	11040000	11280000	1	0.0016366612111292963
11	259	14860000	16260000	1	0.0016366612111292963
11	260	24960000	25300000	1	0.0016366612111292963
11	261	27280000	27760000	4	0.006546644844517185
11	262	33520000	34800000	4	0.006546644844517185
11	263	33780000	34500000	1	0.0016366612111292963
11	264	34020000	34800000	2	0.0032733224222585926
11	265	34300000	34800000	1	0.0016366612111292963
11	266	34400000	34800000	1	0.0016366612111292963
11	267	34500000	38420000	4	0.006546644844517185
11	268	38160000	39000000	1	0.0016366612111292963
11	269	38380000	38840000	1	0.0016366612111292963
11	270	39200000	39460000	1	0.0016366612111292963
11	271	40820000	41400000	1	0.0016366612111292963
11	272	56200000	56740000	1	0.0016366612111292963
11	273	66520000	67000000	1	0.0016366612111292963
11	274	81820000	83100000	1	0.0016366612111292963
11	275	82060000	82840000	1	0.0016366612111292963
11	276	84000000	84420000	1	0.0016366612111292963
11	277	91560000	92000000	1	0.0016366612111292963
11	278	114260000	114540000	2	0.0032733224222585926
11	279	127220000	127420000	1	0.0016366612111292963
11	280	127560000	128040000	2	0.0032733224222585926
11	281	127660000	128020000	1	0.0016366612111292963
11	282	129720000	130260000	1	0.0016366612111292963
11	283	129800000	130400000	1	0.0016366612111292963
11	284	129800000	130460000	1	0.0016366612111292963
11	285	130280000	133800000	1	0.0016366612111292963
11	286	131920000	132180000	1	0.0016366612111292963
12	287	73140000	73420000	1	0.0016366612111292963
12	288	114740000	115080000	1	0.0016366612111292963
13	289	26580000	26780000	1	0.0016366612111292963
13	290	43820000	44240000	3	0.004909983633387889
13	291	43980000	44240000	1	0.0016366612111292963
13	292	53580000	54300000	1	0.0016366612111292963
13	293	54320000	54540000	1	0.0016366612111292963
13	294	72940000	73180000	1	0.0016366612111292963
13	295	95780000	96120000	1	0.0016366612111292963
13	296	103720000	104100000	1	0.0016366612111292963
14	297	22760000	23080000	6	0.009819967266775777
14	298	27180000	27620000	1	0.0016366612111292963
14	299	32020000	32420000	7	0.011456628477905073
14	300	32020000	32500000	1	0.0016366612111292963
14	301	32060000	32920000	1	0.0016366612111292963
14	302	50900000	51220000	1	0.0016366612111292963
14	303	85820000	86100000	1	0.0016366612111292963
14	304	87600000	90000000	1	0.0016366612111292963
14	305	101720000	102080000	1	0.0016366612111292963
14	306	102040000	102260000	1	0.0016366612111292963
14	307	102040000	102380000	1	0.0016366612111292963
15	308	15120000	16280000	2	0.0032733224222585926
15	309	15120000	16860000	1	0.0016366612111292963
15	310	21940000	22180000	1	0.0016366612111292963
15	311	21940000	22420000	1	0.0016366612111292963
15	312	28820000	29020000	1	0.0016366612111292963
15	313	29660000	30180000	1	0.0016366612111292963
15	314	34180000	35160000	2	0.0032733224222585926
15	315	46520000	46820000	1	0.0016366612111292963
15	316	70880000	71120000	1	0.0016366612111292963
15	317	72160000	72400000	1	0.0016366612111292963
15	318	77280000	78220000	1	0.0016366612111292963
15	319	77920000	78140000	1	0.0016366612111292963
16	320	720000	960000	1	0.0016366612111292963
16	321	1020000	1460000	1	0.0016366612111292963
16	322	2980000	3600000	1	0.0016366612111292963
16	323	7100000	8180000	1	0.0016366612111292963
16	324	7140000	7500000	1	0.0016366612111292963
16	325	29100000	29320000	1	0.0016366612111292963
16	326	41360000	41660000	1	0.0016366612111292963
16	327	41460000	41660000	1	0.0016366612111292963
16	328	55620000	55900000	1	0.0016366612111292963
16	329	71840000	72680000	1	0.0016366612111292963
16	330	77140000	77360000	2	0.0032733224222585926
17	331	720000	940000	1	0.0016366612111292963
17	332	1820000	2240000	1	0.0016366612111292963
17	333	2260000	2540000	1	0.0016366612111292963
17	334	2580000	2780000	1	0.0016366612111292963
17	335	7360000	8120000	1	0.0016366612111292963
17	336	12240000	12480000	1	0.0016366612111292963
17	337	64240000	64500000	1	0.0016366612111292963
17	338	69100000	69620000	1	0.0016366612111292963
18	339	13840000	14240000	1	0.0016366612111292963
18	340	20620000	21000000	1	0.0016366612111292963
18	341	24320000	28160000	1	0.0016366612111292963
18	342	24380000	28200000	5	0.008183306055646482
18	343	49940000	50360000	1	0.0016366612111292963
18	344	50140000	50380000	2	0.0032733224222585926
18	345	52260000	52600000	3	0.004909983633387889
18	346	56340000	56660000	1	0.0016366612111292963
18	347	56340000	57760000	1	0.0016366612111292963
18	348	57680000	58140000	1	0.0016366612111292963
19	349	60000	320000	1	0.0016366612111292963
19	350	5380000	5720000	1	0.0016366612111292963
19	351	8100000	8540000	1	0.0016366612111292963
19	352	13960000	14420000	1	0.0016366612111292963
19	353	18140000	18500000	1	0.0016366612111292963
19	354	31120000	31360000	1	0.0016366612111292963
19	355	41580000	42000000	1	0.0016366612111292963
19	356	41700000	41940000	1	0.0016366612111292963
19	357	46900000	47180000	1	0.0016366612111292963
20	358	29600000	29800000	1	0.0016366612111292963
20	359	30280000	30520000	1	0.0016366612111292963
21	360	17240000	17520000	1	0.0016366612111292963
21	361	21940000	24980000	1	0.0016366612111292963
21	362	22300000	22580000	15	0.024549918166939442
21	363	22440000	22940000	1	0.0016366612111292963
21	364	23000000	24980000	1	0.0016366612111292963
21	365	23700000	24980000	1	0.0016366612111292963
21	366	25600000	25920000	3	0.004909983633387889
21	367	25720000	25980000	2	0.0032733224222585926
22	368	6200000	6420000	1	0.0016366612111292963
22	369	6380000	8120000	1	0.0016366612111292963
22	370	6460000	6760000	1	0.0016366612111292963
22	371	6460000	6840000	1	0.0016366612111292963
22	372	6460000	8140000	7	0.011456628477905073
22	373	6880000	7180000	2	0.0032733224222585926
22	374	7500000	8120000	4	0.006546644844517185
22	375	7760000	7980000	1	0.0016366612111292963
22	376	7780000	8180000	1	0.0016366612111292963
22	377	7840000	8360000	1	0.0016366612111292963
22	378	7900000	8120000	1	0.0016366612111292963
22	379	8120000	8380000	2	0.0032733224222585926
22	380	8300000	8880000	1	0.0016366612111292963
22	381	11540000	12080000	1	0.0016366612111292963
22	382	13720000	14360000	1	0.0016366612111292963
22	383	16000000	16720000	1	0.0016366612111292963
22	384	17600000	17840000	1	0.0016366612111292963
22	385	19220000	19500000	1	0.0016366612111292963
22	386	19520000	19940000	1	0.0016366612111292963
22	387	19700000	20020000	1	0.0016366612111292963
22	388	24480000	24800000	1	0.0016366612111292963
22	389	26700000	27100000	1	0.0016366612111292963
22	390	31720000	32300000	1	0.0016366612111292963
22	391	33080000	33360000	1	0.0016366612111292963
22	392	33660000	33920000	1	0.0016366612111292963
22	393	35740000	37860000	1	0.0016366612111292963
22	394	36640000	36840000	1	0.0016366612111292963
22	395	47600000	48000000	2	0.0032733224222585926
22	396	47640000	47940000	1	0.0016366612111292963
22	397	47760000	48340000	1	0.0016366612111292963
22	398	48660000	49120000	1	0.0016366612111292963
22	399	48740000	49120000	1	0.0016366612111292963
22	400	62980000	63640000	1	0.0016366612111292963
22	401	63000000	63200000	1	0.0016366612111292963
22	402	63380000	63800000	1	0.0016366612111292963
22	403	65300000	65540000	1	0.0016366612111292963
22	404	71080000	71280000	1	0.0016366612111292963
22	405	71660000	71860000	1	0.0016366612111292963
22	406	75540000	75760000	1	0.0016366612111292963
22	407	83640000	84220000	1	0.0016366612111292963
22	408	94520000	94900000	1	0.0016366612111292963
22	409	95440000	96300000	1	0.0016366612111292963
22	410	96560000	96880000	1	0.0016366612111292963
22	411	98860000	99380000	1	0.0016366612111292963
22	412	105060000	105640000	1	0.0016366612111292963
22	413	111580000	112460000	1	0.0016366612111292963
22	414	120840000	121900000	1	0.0016366612111292963
22	415	129920000	130140000	1	0.0016366612111292963
22	416	130480000	130720000	1	0.0016366612111292963
22	417	130720000	130980000	1	0.0016366612111292963
22	418	140300000	140740000	8	0.01309328968903437
22	419	140720000	141000000	1	0.0016366612111292963
22	420	149980000	150540000	1	0.0016366612111292963
22	421	151320000	151640000	1	0.0016366612111292963
22	422	152700000	153600000	1	0.0016366612111292963
22	423	153180000	153760000	1	0.0016366612111292963
22	424	153980000	154180000	1	0.0016366612111292963
